lei,name
O1XNTICYRCAHEAMEQI31,"MILLENNIUM FIXED INCOME, LTD."
FJV0KIIMRXLMWV5QT846,CITADEL GLOBAL FIXED INCOME MASTER FUND LTD.
2CNR4I7RPCUNYMQ52H12,GARDA FIRV OPPORTUNITY MASTER FUND LTD.
P5XEQYFJP74DYQX88M80,CAPULA GLOBAL RELATIVE VALUE MASTER FUND LIMITED
5493008P9DJX0WNGA303,SYMMETRY MASTER FUND LIMITED
549300CSOBZVGIW07Z43,LMR ALPHA RATES TRADING MASTER FUND LIMITED
549300RXYC2IDG39CW23,QRT Master Fund SPC - Torus Fund SP
549300HY72WJJ6KYOB71,BREVAN HOWARD ALPHA STRATEGIES MASTER FUND LIMITED
549300APE0JGFJ9JMB36,"EXODUSPOINT PARTNERS MASTER FUND, LP"
FUKBWKZPQPD7DNK1WY51,BSMA LIMITED
549300KM4DRKLEPZUO76,"Atlas Macro Master Fund, Ltd."
549300FV62LGN1DBJF68,QUBE MASTER FUND LTD
DS1LD4KRZVNKQC3WP076,CONCORDIA G-10 FIXED INCOME RELATIVE VALUE FUND L.P.
3KXPVCIB6BML2IWOMX37,FIXED INCOME GLOBALALPHA MASTER FUND LTD.
5493002SCIQPX6PFKZ81,LMR Multi-Strategy Master Fund Limited
5493001KV0UXB1QVXK48,Symmetry Adaptive Fund Limited
549300OR6B15UIZ9FZ95,ROKOS GLOBAL MACRO MASTER FUND LP
DBMPQSXT0LEURZ0IGP72,"POINT72 GLOBAL MACRO INVESTMENTS, LLC"
549300HP21F9J4NJU135,"MARINER ALTERNATIVE RELATIVE VALUE MASTER FUND, L.P."
549300NFUQNQSETLCP08,RHINEGOLD LTD.
549300PKGZ4QEFX6FD77,Squarepoint Core Master Fund Limited
254900D33TBU3WASUT96,Welwing Master Fund
YKS4QSSUSHKAP291P823,Capstone Global Master (Cayman) Limited
22KMWLRMY0MUEN0W5D90,ELEMENT CAPITAL MASTER FUND LIMITED
549300H7LZXRR4ME6270,Kedalion Fund LP
549300ZWDQ7M5QBY0093,Prism Fund SP
549300YKL1MDW51X6P80,ELAN MASTER FUND LTD.
5493006RTMUWN17BI189,Tenaron Capital Relative Value Master Fund Ltd.
WHLAIMQOU4GJKYFZHC97,VERITION MULTI-STRATEGY MASTER FUND LTD.
5493009HN53YN9OU8R24,Squarepoint Master Fund Limited
5493001ZDI5KQPZTPI85,BREVAN HOWARD MASTER FUND LIMITED
MRSOKGRMMFF94T4G3146,CONCORDIA INSTITUTIONAL MULTI-STRATEGY LTD.
7J8V0LJ3O9OMBWX17035,"PHARO MACRO FUND, LTD."
549300IT4LNQTVWOSK98,EAGLE HARBOR MULTI-STRATEGY MASTER FUND LIMITED
549300U04F7HGFA7RO02,CAPULA TACTICAL MACRO MASTER FUND LIMITED
549300EP0R02EZNSDT26,"PGIM Fixed Income Global Liquidity Relative Value Master Fund, Ltd."
549300VV6Q9VQKJIOT74,CAPULA ENHANCED FIXED INCOME MASTER FUND LIMITED
0XXENSNEYD5BSB49GB59,"MARINER ATLANTIC MULTI-STRATEGY MASTER FUND, LTD."
2QER7Q2QN5HQI0QENU13,"Point72 Associates, LLC"
549300C234W751BK3H65,BREVAN HOWARD AS MACRO MASTER FUND LIMITED
X96O961GGN50PJF86R45,Obsidian Master Series Trust - The Obsidian Master Fund
PLH0I0VQA1SU41NKTM31,"ALPHADYNE GLOBAL RATES MASTER FUND, LTD."
5493003FLQFJIS0QET93,"OBSIDIAN RELATIVE VALUE STRATEGY MASTER FUND, LTD."
ATU1U5G0QM0FYBWUKQ21,FFI FUND LTD.
6NL7EBUK4E0HIV223T62,"ALPHADYNE INTERNATIONAL MASTER FUND, LTD."
549300J1TRHZGH00QZ63,"POINT72 LONDON INVESTMENTS, LTD."
29C7VLB4JHJG5S6I8Q07,CAPULA TAIL RISK MASTER FUND LIMITED
549300W4URRQYRTK5329,"Wellington Pagosa Fund (Cayman) II, Ltd."
15BBQ4NYP50ZHSKYYC67,WELLINGTON MACRO STRATEGIES MASTER FUND (CAYMAN) L.P.
549300502O0CGETG4460,CAPULA VOLATILITY OPPORTUNITIES MASTER FUND LIMITED
PDD3Z8L9NGFS1YD1XJ25,"FIELD STREET MASTER FUND, LTD."
S2RMK0GCHTYG6NG1X386,PIMCO Absolute Return Strategy IV eFund
549300IBV3NEODVFBB96,EISLER CAPITAL MASTER FUND LTD
549300T7NO6UQMFQWT54,"TCC MASTER MULTI-STRATEGY FUND, L.P."
549300GPDG4QV80MWE46,THE GLOBAL CREDIT ALPHA LONG SHORT (MASTER) FUND LIMITED
CC549C5YN4PIPQZ16T46,"Bridgewater International Inflation-Linked Bond Fund Trading Company, Ltd."
213800UWURJTDXGGBS31,"EAST LODGE CAPITAL CREDIT OPPORTUNITIES MASTER FUND, LTD."
VNL6C0FFFJGXC1Y5SS53,ALPHADYNE INTERNATIONAL (ERISA) MASTER FUND LTD.
549300ZIR69H05RHI319,PIMCO GLOBAL INFLATION LINKED BOND FUND LTD.
FEJVAWZKM2TUOXDMG690,HBK MASTER FUND L.P.
QU3O73UKQUZ4QNOR2695,"Olifant Fund, Ltd."
549300IH65EWP72B0Q80,AMIA CAPITAL MACRO MASTER FUND LIMITED
C5FXQISSALYEDTGUN553,FYI LTD.
549300NW54MYFAFQFG86,Sona Credit Master Fund Limited
549300TQIXFPOGUBPQ62,"MKP Everwood Fund, Ltd."
17MLVAZ72NADQE8UDF88,III TERM CREDIT HUB FUND LTD.
YK1PIQIELCY1K3NRCN29,PIMCO ABSOLUTE RETURN STRATEGY 3D OFFSHORE FUND LTD.
549300FBQCXRUQXA7A12,QUANTEDGE GLOBAL FUND
549300N4NAUIQG81FI10,PIMCO ABSOLUTE RETURN STRATEGY IV MASTER FUND LDC
21380091UR9SR5F8CH11,KIRKOSWALD GLOBAL MACRO MASTER FUND LIMITED
549300A4JSLVTL7EP089,DYMON ASIA MULTI-STRATEGY INVESTMENT MASTER FUND
355B8XDD5Q5VPP8NJF42,"JJJ Master Fund, Ltd."
S7FG4ITZOFQTY8NO3222,PIMCO Global Cross-asset Opportunities Master Fund LDC
5493003SFR2BC2B8IQ11,1907 III FUND LTD
9GNXSUPK06HDUPJOBL73,CITADEL EQUITY FUND LTD.
6J2JQ7QII5TFTUNS3N73,"BRIDGEWATER ALL WEATHER PLUS FUND, LTD."
549300X1HSEZYE4VM728,"PGIM FIXED INCOME GLOBAL LIQUIDITY RELATIVE VALUE MASTER FUND II, LTD."
549300UULOX6ZMJYFM72,Boothbay Diversified Alpha Master Fund LP
ZRTB6JE4U5UEXI9H9651,"PHARO GAIA FUND, LTD."
25490094V03V0ZN2K667,"BWTA Trading Fund II (Alpha), LP"
549300VGVF1TZTDFIN83,Deltroit Directional Opportunities Master Fund Limited
549300RR3UE7G3JASI61,"BRIDGEWATER ALL WEATHER PORTFOLIO TRADING II at 15%, LTD."
549300HD504TOKHT5737,"BRIDGEWATER PURE ALPHA FUND III, LTD."
549300URH5XCNOLL1P33,"EWP PA FUND, LTD."
549300Z6OSSJNEQYS249,III ALPHA CAPTURE FUND LTD.
YSGYVERBS8JR1P1FNU59,HUDSON BAY MASTER FUND LTD.
5493009RNRHHJBQ7B329,"BRIDGEWATER OPTIMAL PORTFOLIO II, LTD."
549300DRNFYJM607RV44,"BWTA TRADING FUND I, LTD."
213800NY2UCQHGH5U821,BLUECOVE EQUINOX CREDIT MASTER FUND LIMITED
5493004HLMKQKE86YI42,"Bridgewater Optimal Portfolio Trading Company, Ltd."
54930084QDBXW3S5UL45,PIMCO Absolute Return Strategy 3 Master Fund LDC
549300ENXSPHS8YMM795,"EP TACTICAL PORTFOLIOS, L.P."
549300TU7AH1F9SWQM87,"BW DMO FUND, LTD."
549300TI6LLQ2EXI0I03,"MKP ALPHA PORT, LTD."
CZY82BQ8KR2FQON3XB68,AQR GRP EL 20 MASTER ACCOUNT LTD.
VNJ8RJHOFC10GMT1NH50,"Bridgewater Pure Alpha Sterling Fund, Ltd."
5493004R2EUSSAU2QO74,Biwa Fund Limited
549300Y3PT2YEHXVTK27,BYBROOK CAPITAL BADMINTON FUND LP
549300KK2W5JO47FFL68,COMPLUS ASIA MACRO MASTER FUND LTD
549300LA8IWXGVEU4R46,Asgard Fixed Income (Master) Fund Limited
549300BL4E5T6IAH4I39,"Global Liquidity Relative Value LV Master Segregated Portfolio (a segregated portfolio of PGIM Fixed Income Alternatives Master Fund, SPC Ltd.)"
549300OBVCWNZJXN8219,PIMCO ABSOLUTE RETURN STRATEGY 3E MASTER FUND LDC
549300FG738XQ4TZ2202,Maniyar Trading I L.P.
0IEAUKWE2SFAUO4V1D62,"MKP ENHANCED OPPORTUNITY MASTER FUND, LTD."
5493005NW2GSJSPI8Y96,SYSTEMATICA MACRO RV MASTER FUND LIMITED
ZE57KGR7QV2RTMH9ZQ70,"All Weather@15% Trading, Ltd."
04L0CECKGPV6MIVEH709,"DISCOVERY GLOBAL OPPORTUNITY MASTER FUND, LTD."
4LQMU9Z0AIC4ULRJDR78,"MKP OPPORTUNITY MASTER FUND, LTD."
5493003SGBZI2GB3GW74,BYBROOK CAPITAL HAZELTON MASTER FUND LP
54930046YB51WZEP4H43,AHL Genesis 2 Limited
1YTX3EVB2EG3PFFYOI09,"ELLIOTT INTERNATIONAL, L.P."
549300G222CS2JJB6C31,LMR CCSA Master Fund Limited
549300VEUVPVNV7KGO31,"Global Liquidity Relative Value III Master Segregated Portfolio (a segregated portfolio of PGIM Fixed Income Alternatives Master Fund, SPC Ltd.)"
K9MS6FZBQYYEK0SVP138,"Bridgewater Pure Alpha Major Markets Trading Company II, Ltd."
LB8MUZDVKPQ7KYQ24Q87,NAPIER PARK ETON FUND LTD
549300N35563VJ154B85,PAGOSA STRATEGIES (CAYMAN) SPC
DEWSBW983WGK4YN1YF44,WELLINGTON GLOBAL AGGREGATE NON YEN BOND FUND
B11UEBIX2UVZDH5M6Y72,"BRIDGEWATER ALL WEATHER PORTFOLIO III, LTD."
549300UVPZ2C1V7B7I49,AQR GLOBAL RISK PREMIUM MASTER ACCOUNT II LTD.
549300L4CGZ36VVG0R11,"BRIDGEWATER OPTIMAL PORTFOLIO at 12% TRADING COMPANY, LTD."
549300W2XUHLYUK0XD14,BYBROOK CAPITAL MASTER FUND LP
549300RFE2VVP4UMDH24,MAN Desertwood Fund Limited
254900USOBTN0G3G9321,"BWTA Trading Fund II, LP"
549300SLY5F6US7E3R89,Inflation Linked Bonds Series Trust
RGWRP0VUTIJC0F05QR37,"Bridgewater All Weather Sterling Fund, Ltd."
78Z5F5QMM6ECUTQIWS56,"BRIDGEWATER ALL WEATHER PORTFOLIO TRADING II, LTD."
17N4N85FF60DOHLS5651,"Bridgewater Pure Alpha Euro Fund, Ltd."
254900YDHRIVFROLV916,Man 1783 I SP
549300NZYOTKFY24BB53,AQR GRPT EL Master Account Ltd.
5493001L25BPKB0NFU26,CQS ABS Master Fund Limited
Y2FIX1GFGO8ZIXX3SZ40,PIMCO Cayman Trust - PIMCO Cayman European High Yield Fund
549300HQ4KT8XG70Z864,POLAR MULTI-STRATEGY MASTER FUND
PUPGOAF01KZNJXOMP054,"PHARO TRADING FUND, LTD."
MLL66HH4HR1YGSKD5Z20,"BRIDGEWATER PURE ALPHA MAJOR MARKETS TRADING COMPANY, LTD."
5493008XHIVHG3R4AX30,Complus Asia Macro JPY Fund
AO0PGGBJM7BRF42NY258,"SCULPTOR MASTER FUND, LTD."
HQI43A477RM1PMUJ4V11,WELLINGTON GLOBAL AGGREGATE BOND EX-JAPAN FUND
549300X5SK1DKORKUJ95,BYBROOK CAPITAL BADMINTON 405 FUND LP
GE6E2UZJ8O6MJCXR3F13,"BTG Pactual Global Rates Master Fund, L.P."
5493001MKSWMF8I9E575,"BRIDGEWATER PURE ALPHA MAJOR MARKETS FUND III, LTD."
UHQI4OJBR63PAUD8T341,BRIDGEWATER ALL WEATHER EURO FUND LIMITED
549300Y05X2C8PPZCR46,THE EMERGING MARKET CREDIT ALPHA (MASTER) FUND LIMITED
5493008KE2OLRJ5UGN45,THE SEGANTII ASIA-PACIFIC EQUITY MULTI-STRATEGY FUND
549300FLV2U4FOQEKX17,III CONVEX STRATEGIES HUB FUND LTD.
MR9HL6DO83030NH5MT44,"SCULPTOR CREDIT OPPORTUNITIES MASTER FUND, LTD."
4VGVLJTJM0NG6BIJUW95,"PIMCO CAYMAN COMMODITY FUND VII, LTD."
213800NNIVRGVLG4L903,BLUECOVE SOLSTICE RELATIVE VALUE MASTER FUND LIMITED
5493008V9MY6PJ5Z0J75,"BRIDGEWATER ALL WEATHER PORTFOLIO IV, LTD."
5KBNCBE68BBJ7P62SG10,PIMCO Cayman Trust - PIMCO Cayman Global Advantage Government Ex-Japan Bond Fund
549300XBW87GKKDSX320,Wellington Master Emerging Alternatives Fund (Cayman) L.P.
549300QSDDQFGA14BJ61,Squarepoint Atlas Master Fund Limited
E1IQQJ7N5OFXQQL5KK53,"BRIDGEWATER PURE ALPHA MAJOR MARKETS STERLING FUND, LTD."
