lei,name,adviser_name,adviser_crd,brochure_evidence,strategy_adv
5493008P9DJX0WNGA303,SYMMETRY MASTER FUND LIMITED,SYMMETRY INVESTMENTS JERSEY LIMITED,314983,,Unclassified
549300RXYC2IDG39CW23,QRT Master Fund SPC - Torus Fund SP,QUBE RESEARCH & TECHNOLOGIES LIMITED,304552,,Unclassified
549300HY72WJJ6KYOB71,BREVAN HOWARD ALPHA STRATEGIES MASTER FUND LIMITED,"BREVAN HOWARD CAPITAL MANAGEMENT, LP",161292,,Unclassified
549300APE0JGFJ9JMB36,"EXODUSPOINT PARTNERS MASTER FUND, LP","EXODUSPOINT CAPITAL MANAGEMENT, LP",294156,294156_1055422.pdf,Fixed income / rates RV
FUKBWKZPQPD7DNK1WY51,BSMA LIMITED,BLUECREST CAPITAL MANAGEMENT (NEW YORK) LP,289582,289582_477671.pdf,Fixed income / rates RV
549300FV62LGN1DBJF68,QUBE MASTER FUND LTD,QUBE RESEARCH & TECHNOLOGIES LIMITED,304552,,Unclassified
5493001KV0UXB1QVXK48,Symmetry Adaptive Fund Limited,SYMMETRY INVESTMENTS JERSEY LIMITED,314983,,Unclassified
549300PKGZ4QEFX6FD77,Squarepoint Core Master Fund Limited,SQUAREPOINT OPS LLC,172116,,Unclassified
254900D33TBU3WASUT96,Welwing Master Fund,WELWING CAPITAL GROUP LIMITED,306751,,Unclassified
YKS4QSSUSHKAP291P823,Capstone Global Master (Cayman) Limited,"CAPSTONE INVESTMENT ADVISORS, LLC",155563,,Unclassified
22KMWLRMY0MUEN0W5D90,ELEMENT CAPITAL MASTER FUND LIMITED,ELEMENT CAPITAL MANAGEMENT LLC,160309,160309_1033766.pdf,Fixed income / rates RV
549300H7LZXRR4ME6270,Kedalion Fund LP,KEDALION CAPITAL MANAGEMENT LLP,298322,,Unclassified
549300ZWDQ7M5QBY0093,Prism Fund SP,QUBE RESEARCH & TECHNOLOGIES LIMITED,304552,,Unclassified
549300YKL1MDW51X6P80,ELAN MASTER FUND LTD.,ELAN CAPITAL MANAGEMENT (LONDON) LTD,291714,,Unclassified
5493009HN53YN9OU8R24,Squarepoint Master Fund Limited,SQUAREPOINT OPS LLC,172116,,Unclassified
5493001ZDI5KQPZTPI85,BREVAN HOWARD MASTER FUND LIMITED,"BREVAN HOWARD CAPITAL MANAGEMENT, LP",161292,,Unclassified
2QER7Q2QN5HQI0QENU13,"Point72 Associates, LLC","POINT72 ASSET MANAGEMENT, L.P.",283077,,Unclassified
ATU1U5G0QM0FYBWUKQ21,FFI FUND LTD.,"BRACEBRIDGE CAPITAL, LLC",158343,,Unclassified
6NL7EBUK4E0HIV223T62,"ALPHADYNE INTERNATIONAL MASTER FUND, LTD.",ALPHADYNE ASSET MANAGEMENT LP,154176,154176_1038585.pdf,Fixed income / rates RV
PDD3Z8L9NGFS1YD1XJ25,"FIELD STREET MASTER FUND, LTD.","FIELD STREET CAPITAL MANAGEMENT, LLC",155587,155587_706827.pdf,Fixed income / rates RV
FEJVAWZKM2TUOXDMG690,HBK MASTER FUND L.P.,HBK CAPITAL MANAGEMENT,115079,,Unclassified
QU3O73UKQUZ4QNOR2695,"Olifant Fund, Ltd.","BRACEBRIDGE CAPITAL, LLC",158343,,Unclassified
C5FXQISSALYEDTGUN553,FYI LTD.,"BRACEBRIDGE CAPITAL, LLC",158343,,Unclassified
YK1PIQIELCY1K3NRCN29,PIMCO ABSOLUTE RETURN STRATEGY 3D OFFSHORE FUND LTD.,PACIFIC INVESTMENT MANAGEMENT COMPANY LLC,104559,,Unclassified
549300FBQCXRUQXA7A12,QUANTEDGE GLOBAL FUND,QUANTEDGE CAPITAL PTE LTD.,160363,,Unclassified
549300N4NAUIQG81FI10,PIMCO ABSOLUTE RETURN STRATEGY IV MASTER FUND LDC,PACIFIC INVESTMENT MANAGEMENT COMPANY LLC,104559,,Unclassified
355B8XDD5Q5VPP8NJF42,"JJJ Master Fund, Ltd.",JJJ CAPITAL MANAGEMENT (DIFC) LIMITED,335078,,Unclassified
S7FG4ITZOFQTY8NO3222,PIMCO Global Cross-asset Opportunities Master Fund LDC,PACIFIC INVESTMENT MANAGEMENT COMPANY LLC,104559,,Unclassified
ZRTB6JE4U5UEXI9H9651,"PHARO GAIA FUND, LTD.","PHARO MANAGEMENT, INC.",141216,141216_1034832.pdf,Fixed income / rates RV
549300VGVF1TZTDFIN83,Deltroit Directional Opportunities Master Fund Limited,DELTROIT ASSET MANAGEMENT (US) LLC,334438,334438_1036266.pdf,Fixed income / rates RV
YSGYVERBS8JR1P1FNU59,HUDSON BAY MASTER FUND LTD.,HUDSON BAY CAPITAL MANAGEMENT LP,155910,,Unclassified
549300TI6LLQ2EXI0I03,"MKP ALPHA PORT, LTD.","MKP CAPITAL MANAGEMENT, L.L.C.",113851,,Unclassified
CZY82BQ8KR2FQON3XB68,AQR GRP EL 20 MASTER ACCOUNT LTD.,"AQR CAPITAL MANAGEMENT, LLC",111883,,Unclassified
549300OBVCWNZJXN8219,PIMCO ABSOLUTE RETURN STRATEGY 3E MASTER FUND LDC,PACIFIC INVESTMENT MANAGEMENT COMPANY LLC,104559,,Unclassified
549300FG738XQ4TZ2202,Maniyar Trading I L.P.,MANIYAR CAPITAL ADVISORS UK LTD.,307507,307507_902593.pdf,Fixed income / rates RV
0IEAUKWE2SFAUO4V1D62,"MKP ENHANCED OPPORTUNITY MASTER FUND, LTD.","MKP CAPITAL MANAGEMENT, L.L.C.",113851,,Unclassified
04L0CECKGPV6MIVEH709,"DISCOVERY GLOBAL OPPORTUNITY MASTER FUND, LTD.","DISCOVERY CAPITAL MANAGEMENT, LLC",161263,,Unclassified
1YTX3EVB2EG3PFFYOI09,"ELLIOTT INTERNATIONAL, L.P.",ELLIOTT INVESTMENT MANAGEMENT L.P.,307151,307151_1036982.pdf,Fixed income / rates RV
549300G222CS2JJB6C31,LMR CCSA Master Fund Limited,LMR PARTNERS (DIFC) LIMITED,324092,,Unclassified
LB8MUZDVKPQ7KYQ24Q87,NAPIER PARK ETON FUND LTD,NAPIER PARK GLOBAL CAPITAL LTD,157629,,Unclassified
549300UVPZ2C1V7B7I49,AQR GLOBAL RISK PREMIUM MASTER ACCOUNT II LTD.,"AQR CAPITAL MANAGEMENT, LLC",111883,,Unclassified
549300NZYOTKFY24BB53,AQR GRPT EL Master Account Ltd.,"AQR CAPITAL MANAGEMENT, LLC",111883,,Unclassified
PUPGOAF01KZNJXOMP054,"PHARO TRADING FUND, LTD.","PHARO MANAGEMENT, INC.",141216,141216_1034832.pdf,Fixed income / rates RV
AO0PGGBJM7BRF42NY258,"SCULPTOR MASTER FUND, LTD.",SCULPTOR CAPITAL LP,107913,,Unclassified
549300QSDDQFGA14BJ61,Squarepoint Atlas Master Fund Limited,SQUAREPOINT OPS LLC,172116,,Unclassified
